Audio File,Audio Length (s),Inference Time (s)
b'./audio_dataset/segment_10_1.mp3',10.0,1.8632893562316895
b'./audio_dataset/segment_10_10.mp3',10.0,0.9834916591644287
b'./audio_dataset/segment_10_2.mp3',10.0,0.49660325050354004
b'./audio_dataset/segment_10_3.mp3',10.0,0.4486274719238281
b'./audio_dataset/segment_10_4.mp3',10.0,0.48789024353027344
b'./audio_dataset/segment_10_5.mp3',10.0,0.5010790824890137
b'./audio_dataset/segment_10_6.mp3',10.0,0.4251420497894287
b'./audio_dataset/segment_10_7.mp3',10.0,0.48379969596862793
b'./audio_dataset/segment_10_8.mp3',10.0,0.5734059810638428
b'./audio_dataset/segment_10_9.mp3',10.0,0.9652857780456543
b'./audio_dataset/segment_120_1.mp3',120.0,17.98310661315918
b'./audio_dataset/segment_120_10.mp3',120.0,7.138953924179077
b'./audio_dataset/segment_120_2.mp3',120.0,6.31719708442688
b'./audio_dataset/segment_120_3.mp3',120.0,7.5142176151275635
b'./audio_dataset/segment_120_4.mp3',120.0,7.877037763595581
b'./audio_dataset/segment_120_5.mp3',120.0,7.8479883670806885
b'./audio_dataset/segment_120_6.mp3',120.0,6.437774181365967
b'./audio_dataset/segment_120_7.mp3',120.0,6.415877342224121
b'./audio_dataset/segment_120_8.mp3',120.0,6.985969305038452
b'./audio_dataset/segment_120_9.mp3',120.0,7.036579847335815
b'./audio_dataset/segment_30_1.mp3',30.0,1.0646214485168457
b'./audio_dataset/segment_30_10.mp3',30.0,2.222160816192627
b'./audio_dataset/segment_30_2.mp3',30.0,0.5042390823364258
b'./audio_dataset/segment_30_3.mp3',30.0,1.3200700283050537
b'./audio_dataset/segment_30_4.mp3',30.0,1.782668113708496
b'./audio_dataset/segment_30_5.mp3',30.0,2.223268747329712
b'./audio_dataset/segment_30_6.mp3',30.0,2.1294960975646973
b'./audio_dataset/segment_30_7.mp3',30.0,1.783182144165039
b'./audio_dataset/segment_30_8.mp3',30.0,2.1104960441589355
b'./audio_dataset/segment_30_9.mp3',30.0,2.1223347187042236
b'./audio_dataset/segment_60_1.mp3',60.0,1.8973181247711182
b'./audio_dataset/segment_60_10.mp3',60.0,8.437482357025146
b'./audio_dataset/segment_60_2.mp3',60.0,2.7371087074279785
b'./audio_dataset/segment_60_3.mp3',60.0,4.019765615463257
b'./audio_dataset/segment_60_4.mp3',60.0,3.482830762863159
b'./audio_dataset/segment_60_5.mp3',60.0,4.0005152225494385
b'./audio_dataset/segment_60_6.mp3',60.0,4.187382221221924
b'./audio_dataset/segment_60_7.mp3',60.0,5.189521074295044
b'./audio_dataset/segment_60_8.mp3',60.0,4.312181234359741
b'./audio_dataset/segment_60_9.mp3',60.0,3.0978987216949463
